hip-hop,loud rock	hip-hop,loud rock	hip-hop,loud rock	hip-hop,loud rock	hip-hop,loud rock	hip-hop,loud rock	hip-hop,loud rock	
hip-hop,loud rock	hip-hop,loud rock	hip-hop,loud rock	hip-hop,loud rock	hip-hop,loud rock	hip-hop,loud rock	hip-hop,loud rock	
hip-hop,loud rock	hip-hop,loud rock	hip-hop,loud rock	hip-hop,loud rock	hip-hop,loud rock	hip-hop,loud rock	hip-hop,loud rock	
hip-hop,loud rock	hip-hop,loud rock	hip-hop,loud rock	hip-hop,loud rock	hip-hop,loud rock	hip-hop,loud rock	hip-hop,loud rock	
hip-hop,loud rock	hip-hop,loud rock	hip-hop,loud rock	hip-hop,loud rock	hip-hop,loud rock	hip-hop,loud rock	hip-hop,loud rock	
alternative,specialty,loud rock	alternative,specialty,loud rock	alternative,specialty,loud rock	alternative,specialty,loud rock	alternative,specialty,loud rock	alternative,specialty,loud rock	alternative,specialty,loud rock	
alternative,specialty,loud rock	alternative,specialty,loud rock	alternative,specialty,loud rock	alternative,specialty,loud rock	alternative,specialty,loud rock	alternative,specialty,loud rock	alternative,specialty,loud rock	
alternative,specialty	alternative,specialty	alternative,specialty	alternative,specialty	alternative,specialty	alternative,specialty	alternative,specialty	
alternative,specialty	alternative,specialty	alternative,specialty	alternative,specialty	alternative,specialty	alternative,specialty	alternative,specialty	
alternative,specialty	alternative,specialty	alternative,specialty	alternative,specialty	alternative,specialty	alternative,specialty	alternative,specialty	
alternative,specialty	alternative,specialty	alternative,specialty	alternative,specialty	alternative,specialty	alternative,specialty	alternative,specialty	
alternative,specialty	alternative,specialty	alternative,specialty	alternative,specialty	alternative,specialty	alternative,specialty	alternative,specialty	
alternative,specialty	alternative,specialty	alternative,specialty	alternative,specialty	alternative,specialty	alternative,specialty	alternative,specialty	
alternative,specialty	alternative,specialty	alternative,specialty	alternative,specialty	alternative,specialty	alternative,specialty	alternative,specialty	
alternative,specialty	alternative,specialty	alternative,specialty	alternative,specialty	alternative,specialty	alternative,specialty	alternative,specialty	
alternative,specialty	alternative,specialty	alternative,specialty	alternative,specialty	alternative,specialty	alternative,specialty	alternative,specialty	
alternative,specialty	alternative,specialty	alternative,specialty	alternative,specialty	alternative,specialty	alternative,specialty	alternative,specialty	
alternative,specialty	alternative,specialty	alternative,specialty	alternative,specialty	alternative,specialty	alternative,specialty	alternative,specialty	
alternative,specialty,electronic	alternative,specialty,electronic	alternative,specialty,electronic	alternative,specialty,electronic	alternative,specialty,electronic	alternative,specialty,electronic	alternative,specialty,electronic	
electronic	electronic	electronic	electronic	electronic	electronic	electronic	
electronic	electronic	electronic	electronic	electronic	electronic	electronic	
electronic	electronic	electronic	electronic	electronic	electronic	electronic	
electronic,hip-hop,loud rock	electronic,hip-hop,loud rock	electronic,hip-hop,loud rock	electronic,hip-hop,loud rock	electronic,hip-hop,loud rock	electronic,hip-hop,loud rock	electronic,hip-hop,loud rock	
electronic,hip-hop,loud rock	electronic,hip-hop,loud rock	electronic,hip-hop,loud rock	electronic,hip-hop,loud rock	electronic,hip-hop,loud rock	electronic,hip-hop,loud rock	electronic,hip-hop,loud rock	